time of measurement;weekday;pedestrians count;temperature in Âºc;weather condition;events;hour;day;month;weekday_code;incident_occurred;pedestrians count_scaled;temperature in Âºc_scaled;hour_scaled;day_scaled;month_scaled;weekday_code_scaled
2024-06-13 16:00:00+02:00;Thursday;1883;;;;16;13;6;3;0;0.37096497699625103;;0.6222499421496182;-1.7769682383820427;0.0;-0.2746763438844285
2024-06-13 17:00:00+02:00;Thursday;2036;;;;17;13;6;3;0;0.4657593211529335;;0.7646243591774706;-1.7769682383820427;0.0;-0.2746763438844285
2024-06-13 18:00:00+02:00;Thursday;1434;;;;18;13;6;3;0;0.0927776532946142;;0.9069987762053231;-1.7769682383820427;0.0;-0.2746763438844285
2024-06-13 19:00:00+02:00;Thursday;671;;;;19;13;6;3;0;-0.3799549257351161;;1.0493731932331756;-1.7769682383820427;0.0;-0.2746763438844285
2024-06-13 20:00:00+02:00;Thursday;333;;;;20;13;6;3;0;-0.589369882107395;;1.191747610261028;-1.7769682383820427;0.0;-0.2746763438844285
2024-06-13 21:00:00+02:00;Thursday;233;;;;21;13;6;3;0;-0.6513269697915012;;1.3341220272888805;-1.7769682383820427;0.0;-0.2746763438844285
2024-06-13 22:00:00+02:00;Thursday;188;;;;22;13;6;3;0;-0.679207659249349;;1.4764964443167328;-1.7769682383820427;0.0;-0.2746763438844285
2024-06-13 23:00:00+02:00;Thursday;55;;;;23;13;6;3;0;-0.7616105858692103;;1.6188708613445852;-1.7769682383820427;0.0;-0.2746763438844285
2024-06-14 00:00:00+02:00;Friday;67;;;;0;14;6;4;0;-0.7541757353471175;;-1.655740730296021;-1.4473163331093948;0.0;0.23601819178217565
2024-06-14 01:00:00+02:00;Friday;35;;;;1;14;6;4;0;-0.7740020034060314;;-1.5133663132681685;-1.4473163331093948;0.0;0.23601819178217565
2024-06-14 02:00:00+02:00;Friday;25;;;;2;14;6;4;0;-0.7801977121744421;;-1.3709918962403163;-1.4473163331093948;0.0;0.23601819178217565
2024-06-14 03:00:00+02:00;Friday;15;;;;3;14;6;4;0;-0.7863934209428527;;-1.2286174792124638;-1.4473163331093948;0.0;0.23601819178217565
2024-06-14 04:00:00+02:00;Friday;16;;;;4;14;6;4;0;-0.7857738500660116;;-1.0862430621846113;-1.4473163331093948;0.0;0.23601819178217565
2024-06-14 05:00:00+02:00;Friday;47;;;;5;14;6;4;0;-0.7665671528839387;;-0.9438686451567588;-1.4473163331093948;0.0;0.23601819178217565
2024-06-14 06:00:00+02:00;Friday;82;;;;6;14;6;4;0;-0.7448821721945016;;-0.8014942281289064;-1.4473163331093948;0.0;0.23601819178217565
2024-06-14 07:00:00+02:00;Friday;226;;;;7;14;6;4;0;-0.6556639659293887;;-0.6591198111010539;-1.4473163331093948;0.0;0.23601819178217565
2024-06-14 08:00:00+02:00;Friday;458;;;;8;14;6;4;0;-0.5119235225022623;;-0.5167453940732014;-1.4473163331093948;0.0;0.23601819178217565
2024-06-14 09:00:00+02:00;Friday;893;;;;9;14;6;4;0;-0.24241019107640033;;-0.374370977045349;-1.4473163331093948;0.0;0.23601819178217565
2024-06-14 10:00:00+02:00;Friday;1745;;;;10;14;6;4;0;0.2854641959921845;;-0.23199656001749655;-1.4473163331093948;0.0;0.23601819178217565
2024-06-14 11:00:00+02:00;Friday;2231;;;;11;14;6;4;0;0.5865756421369406;;-0.08962214298964409;-1.4473163331093948;0.0;0.23601819178217565
2024-06-14 12:00:00+02:00;Friday;2681;;;;12;14;6;4;0;0.8653825367154184;;0.052752274038208355;-1.4473163331093948;0.0;0.23601819178217565
2024-06-14 13:00:00+02:00;Friday;2321;;;;13;14;6;4;0;0.6423370210526361;;0.19512669106606081;-1.4473163331093948;0.0;0.23601819178217565
2024-06-14 14:00:00+02:00;Friday;2380;;;;14;14;6;4;0;0.6788917027862588;;0.33750110809391326;-1.4473163331093948;0.0;0.23601819178217565
2024-06-14 15:00:00+02:00;Friday;2560;;;;15;14;6;4;0;0.79041446061765;;0.47987552512176573;-1.4473163331093948;0.0;0.23601819178217565
2024-06-14 16:00:00+02:00;Friday;2502;;;;16;14;6;4;0;0.7544793497608684;;0.6222499421496182;-1.4473163331093948;0.0;0.23601819178217565
2024-06-14 17:00:00+02:00;Friday;2258;;;;17;14;6;4;0;0.6033040558116493;;0.7646243591774706;-1.4473163331093948;0.0;0.23601819178217565
2024-06-14 18:00:00+02:00;Friday;1920;;;;18;14;6;4;0;0.3938890994393703;;0.9069987762053231;-1.4473163331093948;0.0;0.23601819178217565
2024-06-14 19:00:00+02:00;Friday;1028;;;;19;14;6;4;0;-0.15876812270285695;;1.0493731932331756;-1.4473163331093948;0.0;0.23601819178217565
2024-06-14 20:00:00+02:00;Friday;479;;;;20;14;6;4;0;-0.4989125340886;;1.191747610261028;-1.4473163331093948;0.0;0.23601819178217565
2024-06-14 21:00:00+02:00;Friday;336;;;;21;14;6;4;0;-0.5875111694768719;;1.3341220272888805;-1.4473163331093948;0.0;0.23601819178217565
2024-06-14 22:00:00+02:00;Friday;260;;;;22;14;6;4;0;-0.6345985561167925;;1.4764964443167328;-1.4473163331093948;0.0;0.23601819178217565
2024-06-14 23:00:00+02:00;Friday;243;;;;23;14;6;4;0;-0.6451312610230906;;1.6188708613445852;-1.4473163331093948;0.0;0.23601819178217565
2024-06-15 00:00:00+02:00;Saturday;133;;;;0;15;6;5;0;-0.7132840574756074;;-1.655740730296021;-1.117664427836747;0.0;0.7467127274487798
2024-06-15 01:00:00+02:00;Saturday;82;;;;1;15;6;5;0;-0.7448821721945016;;-1.5133663132681685;-1.117664427836747;0.0;0.7467127274487798
2024-06-15 02:00:00+02:00;Saturday;65;;;;2;15;6;5;0;-0.7554148771007996;;-1.3709918962403163;-1.117664427836747;0.0;0.7467127274487798
2024-06-15 03:00:00+02:00;Saturday;74;;;;3;15;6;5;0;-0.74983873920923;;-1.2286174792124638;-1.117664427836747;0.0;0.7467127274487798
2024-06-15 04:00:00+02:00;Saturday;21;;;;4;15;6;5;0;-0.7826759956818063;;-1.0862430621846113;-1.117664427836747;0.0;0.7467127274487798
2024-06-15 05:00:00+02:00;Saturday;30;;;;5;15;6;5;0;-0.7770998577902368;;-0.9438686451567588;-1.117664427836747;0.0;0.7467127274487798
2024-06-15 06:00:00+02:00;Saturday;38;;;;6;15;6;5;0;-0.7721432907755083;;-0.8014942281289064;-1.117664427836747;0.0;0.7467127274487798
2024-06-15 07:00:00+02:00;Saturday;54;;;;7;15;6;5;0;-0.7622301567460513;;-0.6591198111010539;-1.117664427836747;0.0;0.7467127274487798
2024-06-15 08:00:00+02:00;Saturday;179;;;;8;15;6;5;0;-0.6847837971409185;;-0.5167453940732014;-1.117664427836747;0.0;0.7467127274487798
2024-06-15 09:00:00+02:00;Saturday;439;;;;9;15;6;5;0;-0.5236953691622425;;-0.374370977045349;-1.117664427836747;0.0;0.7467127274487798
2024-06-15 10:00:00+02:00;Saturday;1005;;;;10;15;6;5;0;-0.17301825287020137;;-0.23199656001749655;-1.117664427836747;0.0;0.7467127274487798
2024-06-15 11:00:00+02:00;Saturday;1252;;;;11;15;6;5;0;-0.019984246290459078;;-0.08962214298964409;-1.117664427836747;0.0;0.7467127274487798
2024-06-15 12:00:00+02:00;Saturday;1449;;;;12;15;6;5;0;0.10207121644723012;;0.052752274038208355;-1.117664427836747;0.0;0.7467127274487798
2024-06-15 13:00:00+02:00;Saturday;2437;;;;13;15;6;5;0;0.7142072427661993;;0.19512669106606081;-1.117664427836747;0.0;0.7467127274487798
2024-06-15 14:00:00+02:00;Saturday;2465;;;;14;15;6;5;0;0.731555227317749;;0.33750110809391326;-1.117664427836747;0.0;0.7467127274487798
2024-06-15 15:00:00+02:00;Saturday;2706;;;;15;15;6;5;0;0.880871808636445;;0.47987552512176573;-1.117664427836747;0.0;0.7467127274487798
2024-06-15 16:00:00+02:00;Saturday;2720;;;;16;15;6;5;0;0.8895458009122199;;0.6222499421496182;-1.117664427836747;0.0;0.7467127274487798
2024-06-15 17:00:00+02:00;Saturday;2348;;;;17;15;6;5;0;0.6590654347273448;;0.7646243591774706;-1.117664427836747;0.0;0.7467127274487798
2024-06-15 18:00:00+02:00;Saturday;1639;;;;18;15;6;5;0;0.2197896830470319;;0.9069987762053231;-1.117664427836747;0.0;0.7467127274487798
2024-06-15 19:00:00+02:00;Saturday;837;;;;19;15;6;5;0;-0.2771061601794998;;1.0493731932331756;-1.117664427836747;0.0;0.7467127274487798
2024-06-15 20:00:00+02:00;Saturday;451;;;;20;15;6;5;0;-0.5162605186401497;;1.191747610261028;-1.117664427836747;0.0;0.7467127274487798
2024-06-15 21:00:00+02:00;Saturday;337;;;;21;15;6;5;0;-0.5868915986000308;;1.3341220272888805;-1.117664427836747;0.0;0.7467127274487798
2024-06-15 22:00:00+02:00;Saturday;297;;;;22;15;6;5;0;-0.6116744336736732;;1.4764964443167328;-1.117664427836747;0.0;0.7467127274487798
2024-06-15 23:00:00+02:00;Saturday;211;;;;23;15;6;5;0;-0.6649575290820046;;1.6188708613445852;-1.117664427836747;0.0;0.7467127274487798
2024-06-16 00:00:00+02:00;Sunday;173;;;;0;16;6;6;0;-0.6885012224019649;;-1.655740730296021;-0.788012522564099;0.0;1.257407263115384
2024-06-16 01:00:00+02:00;Sunday;124;;;;1;16;6;6;0;-0.7188601953671769;;-1.5133663132681685;-0.788012522564099;0.0;1.257407263115384
2024-06-16 02:00:00+02:00;Sunday;60;;;;2;16;6;6;0;-0.758512731485005;;-1.3709918962403163;-0.788012522564099;0.0;1.257407263115384
2024-06-16 03:00:00+02:00;Sunday;62;;;;3;16;6;6;0;-0.7572735897313227;;-1.2286174792124638;-0.788012522564099;0.0;1.257407263115384
2024-06-16 04:00:00+02:00;Sunday;39;;;;4;16;6;6;0;-0.7715237198986672;;-1.0862430621846113;-0.788012522564099;0.0;1.257407263115384
2024-06-16 05:00:00+02:00;Sunday;24;;;;5;16;6;6;0;-0.7808172830512832;;-0.9438686451567588;-0.788012522564099;0.0;1.257407263115384
2024-06-16 06:00:00+02:00;Sunday;29;;;;6;16;6;6;0;-0.7777194286670779;;-0.8014942281289064;-0.788012522564099;0.0;1.257407263115384
2024-06-16 07:00:00+02:00;Sunday;32;;;;7;16;6;6;0;-0.7758607160365547;;-0.6591198111010539;-0.788012522564099;0.0;1.257407263115384
2024-06-16 08:00:00+02:00;Sunday;97;;;;8;16;6;6;0;-0.7355886090418856;;-0.5167453940732014;-0.788012522564099;0.0;1.257407263115384
2024-06-16 09:00:00+02:00;Sunday;216;;;;9;16;6;6;0;-0.6618596746977993;;-0.374370977045349;-0.788012522564099;0.0;1.257407263115384
2024-06-16 10:00:00+02:00;Sunday;397;;;;10;16;6;6;0;-0.549717345989567;;-0.23199656001749655;-0.788012522564099;0.0;1.257407263115384
2024-06-16 11:00:00+02:00;Sunday;814;;;;11;16;6;6;0;-0.29135629034684424;;-0.08962214298964409;-0.788012522564099;0.0;1.257407263115384
2024-06-16 12:00:00+02:00;Sunday;650;;;;12;16;6;6;0;-0.39296591414877835;;0.052752274038208355;-0.788012522564099;0.0;1.257407263115384
2024-06-16 13:00:00+02:00;Sunday;598;;;;13;16;6;6;0;-0.4251835997445136;;0.19512669106606081;-0.788012522564099;0.0;1.257407263115384
2024-06-16 14:00:00+02:00;Sunday;660;;;;14;16;6;6;0;-0.38677020538036777;;0.33750110809391326;-0.788012522564099;0.0;1.257407263115384
2024-06-16 15:00:00+02:00;Sunday;605;;;;15;16;6;6;0;-0.4208466036066262;;0.47987552512176573;-0.788012522564099;0.0;1.257407263115384
2024-06-16 16:00:00+02:00;Sunday;610;;;;16;16;6;6;0;-0.41774874922242083;;0.6222499421496182;-0.788012522564099;0.0;1.257407263115384
2024-06-16 17:00:00+02:00;Sunday;648;;;;17;16;6;6;0;-0.3942050559024605;;0.7646243591774706;-0.788012522564099;0.0;1.257407263115384
2024-06-16 18:00:00+02:00;Sunday;314;;;;18;16;6;6;0;-0.6011417287673751;;0.9069987762053231;-0.788012522564099;0.0;1.257407263115384
2024-06-16 19:00:00+02:00;Sunday;233;;;;19;16;6;6;0;-0.6513269697915012;;1.0493731932331756;-0.788012522564099;0.0;1.257407263115384
2024-06-16 20:00:00+02:00;Sunday;216;;;;20;16;6;6;0;-0.6618596746977993;;1.191747610261028;-0.788012522564099;0.0;1.257407263115384
2024-06-16 21:00:00+02:00;Sunday;157;;;;21;16;6;6;0;-0.6984143564314219;;1.3341220272888805;-0.788012522564099;0.0;1.257407263115384
2024-06-16 22:00:00+02:00;Sunday;66;;;;22;16;6;6;0;-0.7547953062239585;;1.4764964443167328;-0.788012522564099;0.0;1.257407263115384
2024-06-16 23:00:00+02:00;Sunday;50;;;;23;16;6;6;0;-0.7647084402534156;;1.6188708613445852;-0.788012522564099;0.0;1.257407263115384
2024-06-17 00:00:00+02:00;Monday;22;;;;0;17;6;0;0;-0.7820564248049653;;-1.655740730296021;-0.4583606172914511;0.0;-1.8067599508842411
2024-06-17 01:00:00+02:00;Monday;13;;;;1;17;6;0;0;-0.7876325626965348;;-1.5133663132681685;-0.4583606172914511;0.0;-1.8067599508842411
2024-06-17 02:00:00+02:00;Monday;10;;;;2;17;6;0;0;-0.789491275327058;;-1.3709918962403163;-0.4583606172914511;0.0;-1.8067599508842411
2024-06-17 03:00:00+02:00;Monday;5;;;;3;17;6;0;0;-0.7925891297112634;;-1.2286174792124638;-0.4583606172914511;0.0;-1.8067599508842411
2024-06-17 04:00:00+02:00;Monday;13;;;;4;17;6;0;0;-0.7876325626965348;;-1.0862430621846113;-0.4583606172914511;0.0;-1.8067599508842411
2024-06-17 05:00:00+02:00;Monday;36;;;;5;17;6;0;0;-0.7733824325291904;;-0.9438686451567588;-0.4583606172914511;0.0;-1.8067599508842411
2024-06-17 06:00:00+02:00;Monday;112;;;;6;17;6;0;0;-0.7262950458892697;;-0.8014942281289064;-0.4583606172914511;0.0;-1.8067599508842411
2024-06-17 07:00:00+02:00;Monday;235;;;;7;17;6;0;0;-0.6500878280378191;;-0.6591198111010539;-0.4583606172914511;0.0;-1.8067599508842411
2024-06-17 08:00:00+02:00;Monday;455;;;;8;17;6;0;0;-0.5137822351327854;;-0.5167453940732014;-0.4583606172914511;0.0;-1.8067599508842411
2024-06-17 09:00:00+02:00;Monday;778;;;;9;17;6;0;0;-0.31366084191312243;;-0.374370977045349;-0.4583606172914511;0.0;-1.8067599508842411
2024-06-17 10:00:00+02:00;Monday;1279;;;;10;17;6;0;0;-0.0032558326157504057;;-0.23199656001749655;-0.4583606172914511;0.0;-1.8067599508842411
2024-06-17 11:00:00+02:00;Monday;1590;;;;11;17;6;0;0;0.18943071008181986;;-0.08962214298964409;-0.4583606172914511;0.0;-1.8067599508842411
2024-06-17 12:00:00+02:00;Monday;2569;;;;12;17;6;0;0;0.7959905985092195;;0.052752274038208355;-0.4583606172914511;0.0;-1.8067599508842411
2024-06-17 13:00:00+02:00;Monday;2330;;;;13;17;6;0;0;0.6479131589442058;;0.19512669106606081;-0.4583606172914511;0.0;-1.8067599508842411
2024-06-17 14:00:00+02:00;Monday;2142;;;;14;17;6;0;0;0.5314338340980861;;0.33750110809391326;-0.4583606172914511;0.0;-1.8067599508842411
2024-06-17 15:00:00+02:00;Monday;2099;;;;15;17;6;0;0;0.5047922863939204;;0.47987552512176573;-0.4583606172914511;0.0;-1.8067599508842411
2024-06-17 16:00:00+02:00;Monday;2083;;;;16;17;6;0;0;0.4948791523644634;;0.6222499421496182;-0.4583606172914511;0.0;-1.8067599508842411
2024-06-17 17:00:00+02:00;Monday;1900;;;;17;17;6;0;0;0.38149768190254907;;0.7646243591774706;-0.4583606172914511;0.0;-1.8067599508842411
2024-06-17 18:00:00+02:00;Monday;1625;;;;18;17;6;0;0;0.21111569077125703;;0.9069987762053231;-0.4583606172914511;0.0;-1.8067599508842411
2024-06-17 19:00:00+02:00;Monday;810;;;;19;17;6;0;0;-0.29383457385420847;;1.0493731932331756;-0.4583606172914511;0.0;-1.8067599508842411
2024-06-17 20:00:00+02:00;Monday;404;;;;20;17;6;0;0;-0.5453803498516796;;1.191747610261028;-0.4583606172914511;0.0;-1.8067599508842411
2024-06-17 21:00:00+02:00;Monday;263;;;;21;17;6;0;0;-0.6327398434862693;;1.3341220272888805;-0.4583606172914511;0.0;-1.8067599508842411
2024-06-17 22:00:00+02:00;Monday;131;;;;22;17;6;0;0;-0.7145231992292895;;1.4764964443167328;-0.4583606172914511;0.0;-1.8067599508842411
2024-06-17 23:00:00+02:00;Monday;96;;;;23;17;6;0;0;-0.7362081799187267;;1.6188708613445852;-0.4583606172914511;0.0;-1.8067599508842411
2024-06-18 00:00:00+02:00;Tuesday;25;;;;0;18;6;1;0;-0.7801977121744421;;-1.655740730296021;-0.12870871201880324;0.0;-1.296065415217637
2024-06-18 01:00:00+02:00;Tuesday;17;;;;1;18;6;1;0;-0.7851542791891706;;-1.5133663132681685;-0.12870871201880324;0.0;-1.296065415217637
2024-06-18 02:00:00+02:00;Tuesday;19;;;;2;18;6;1;0;-0.7839151374354885;;-1.3709918962403163;-0.12870871201880324;0.0;-1.296065415217637
2024-06-18 03:00:00+02:00;Tuesday;10;;;;3;18;6;1;0;-0.789491275327058;;-1.2286174792124638;-0.12870871201880324;0.0;-1.296065415217637
2024-06-18 04:00:00+02:00;Tuesday;7;;;;4;18;6;1;0;-0.7913499879575812;;-1.0862430621846113;-0.12870871201880324;0.0;-1.296065415217637
2024-06-18 05:00:00+02:00;Tuesday;28;;;;5;18;6;1;0;-0.7783389995439189;;-0.9438686451567588;-0.12870871201880324;0.0;-1.296065415217637
2024-06-18 06:00:00+02:00;Tuesday;113;;;;6;18;6;1;0;-0.7256754750124287;;-0.8014942281289064;-0.12870871201880324;0.0;-1.296065415217637
2024-06-18 07:00:00+02:00;Tuesday;237;;;;7;18;6;1;0;-0.6488486862841369;;-0.6591198111010539;-0.12870871201880324;0.0;-1.296065415217637
2024-06-18 08:00:00+02:00;Tuesday;495;;;;8;18;6;1;0;-0.488999400059143;;-0.5167453940732014;-0.12870871201880324;0.0;-1.296065415217637
2024-06-18 09:00:00+02:00;Tuesday;816;;;;9;18;6;1;0;-0.29011714859316207;;-0.374370977045349;-0.12870871201880324;0.0;-1.296065415217637
2024-06-18 10:00:00+02:00;Tuesday;1208;;;;10;18;6;1;0;-0.04724536487146581;;-0.23199656001749655;-0.12870871201880324;0.0;-1.296065415217637
2024-06-18 11:00:00+02:00;Tuesday;2020;;;;11;18;6;1;0;0.4558461871234765;;-0.08962214298964409;-0.12870871201880324;0.0;-1.296065415217637
2024-06-18 12:00:00+02:00;Tuesday;2570;;;;12;18;6;1;0;0.7966101693860606;;0.052752274038208355;-0.12870871201880324;0.0;-1.296065415217637
2024-06-18 13:00:00+02:00;Tuesday;2276;;;;13;18;6;1;0;0.6144563315947884;;0.19512669106606081;-0.12870871201880324;0.0;-1.296065415217637
2024-06-18 14:00:00+02:00;Tuesday;2032;;;;14;18;6;1;0;0.4632810376455692;;0.33750110809391326;-0.12870871201880324;0.0;-1.296065415217637
2024-06-18 15:00:00+02:00;Tuesday;2132;;;;15;18;6;1;0;0.5252381253296754;;0.47987552512176573;-0.12870871201880324;0.0;-1.296065415217637
2024-06-18 16:00:00+02:00;Tuesday;2367;;;;16;18;6;1;0;0.670837281387325;;0.6222499421496182;-0.12870871201880324;0.0;-1.296065415217637
2024-06-18 17:00:00+02:00;Tuesday;2143;;;;17;18;6;1;0;0.5320534049749271;;0.7646243591774706;-0.12870871201880324;0.0;-1.296065415217637
2024-06-18 18:00:00+02:00;Tuesday;1489;;;;18;18;6;1;0;0.1268540515208726;;0.9069987762053231;-0.12870871201880324;0.0;-1.296065415217637
2024-06-18 19:00:00+02:00;Tuesday;700;;;;19;18;6;1;0;-0.3619873703067253;;1.0493731932331756;-0.12870871201880324;0.0;-1.296065415217637
2024-06-18 20:00:00+02:00;Tuesday;281;;;;20;18;6;1;0;-0.6215875677031303;;1.191747610261028;-0.12870871201880324;0.0;-1.296065415217637
2024-06-18 21:00:00+02:00;Tuesday;150;;;;21;18;6;1;0;-0.7027513525693093;;1.3341220272888805;-0.12870871201880324;0.0;-1.296065415217637
2024-06-18 22:00:00+02:00;Tuesday;92;;;;22;18;6;1;0;-0.7386864634260909;;1.4764964443167328;-0.12870871201880324;0.0;-1.296065415217637
2024-06-18 23:00:00+02:00;Tuesday;50;;;;23;18;6;1;0;-0.7647084402534156;;1.6188708613445852;-0.12870871201880324;0.0;-1.296065415217637
2024-06-19 00:00:00+02:00;Wednesday;16;;;;0;19;6;2;0;-0.7857738500660116;;-1.655740730296021;0.20094319325384466;0.0;-0.7853708795510327
2024-06-19 01:00:00+02:00;Wednesday;18;;;;1;19;6;2;0;-0.7845347083123295;;-1.5133663132681685;0.20094319325384466;0.0;-0.7853708795510327
2024-06-19 02:00:00+02:00;Wednesday;7;;;;2;19;6;2;0;-0.7913499879575812;;-1.3709918962403163;0.20094319325384466;0.0;-0.7853708795510327
2024-06-19 03:00:00+02:00;Wednesday;9;;;;3;19;6;2;0;-0.790110846203899;;-1.2286174792124638;0.20094319325384466;0.0;-0.7853708795510327
2024-06-19 04:00:00+02:00;Wednesday;7;;;;4;19;6;2;0;-0.7913499879575812;;-1.0862430621846113;0.20094319325384466;0.0;-0.7853708795510327
2024-06-19 05:00:00+02:00;Wednesday;32;;;;5;19;6;2;0;-0.7758607160365547;;-0.9438686451567588;0.20094319325384466;0.0;-0.7853708795510327
2024-06-19 06:00:00+02:00;Wednesday;93;;;;6;19;6;2;0;-0.7380668925492498;;-0.8014942281289064;0.20094319325384466;0.0;-0.7853708795510327
2024-06-19 07:00:00+02:00;Wednesday;247;;;;7;19;6;2;0;-0.6426529775157264;;-0.6591198111010539;0.20094319325384466;0.0;-0.7853708795510327
2024-06-19 08:00:00+02:00;Wednesday;469;;;;8;19;6;2;0;-0.5051082428570106;;-0.5167453940732014;0.20094319325384466;0.0;-0.7853708795510327
2024-06-19 09:00:00+02:00;Wednesday;830;;;;9;19;6;2;0;-0.2814431563173872;;-0.374370977045349;0.20094319325384466;0.0;-0.7853708795510327
2024-06-19 10:00:00+02:00;Wednesday;1385;;;;10;19;6;2;0;0.06241868032940216;;-0.23199656001749655;0.20094319325384466;0.0;-0.7853708795510327
2024-06-19 11:00:00+02:00;Wednesday;1842;;;;11;19;6;2;0;0.3455625710457675;;-0.08962214298964409;0.20094319325384466;0.0;-0.7853708795510327
2024-06-19 12:00:00+02:00;Wednesday;2178;;;;12;19;6;2;0;0.5537383856643643;;0.052752274038208355;0.20094319325384466;0.0;-0.7853708795510327
2024-06-19 13:00:00+02:00;Wednesday;2020;;;;13;19;6;2;0;0.4558461871234765;;0.19512669106606081;0.20094319325384466;0.0;-0.7853708795510327
2024-06-19 14:00:00+02:00;Wednesday;1933;;;;14;19;6;2;0;0.4019435208383041;;0.33750110809391326;0.20094319325384466;0.0;-0.7853708795510327
2024-06-19 15:00:00+02:00;Wednesday;1996;;;;15;19;6;2;0;0.440976486079291;;0.47987552512176573;0.20094319325384466;0.0;-0.7853708795510327
2024-06-19 16:00:00+02:00;Wednesday;2103;;;;16;19;6;2;0;0.5072705699012846;;0.6222499421496182;0.20094319325384466;0.0;-0.7853708795510327
2024-06-19 17:00:00+02:00;Wednesday;1799;;;;17;19;6;2;0;0.31892102334160183;;0.7646243591774706;0.20094319325384466;0.0;-0.7853708795510327
2024-06-19 18:00:00+02:00;Wednesday;1164;;;;18;19;6;2;0;-0.07450648345247253;;0.9069987762053231;0.20094319325384466;0.0;-0.7853708795510327
2024-06-19 19:00:00+02:00;Wednesday;636;;;;19;19;6;2;0;-0.4016399064245532;;1.0493731932331756;0.20094319325384466;0.0;-0.7853708795510327
2024-06-19 20:00:00+02:00;Wednesday;498;;;;20;19;6;2;0;-0.48714068742861977;;1.191747610261028;0.20094319325384466;0.0;-0.7853708795510327
2024-06-19 21:00:00+02:00;Wednesday;279;;;;21;19;6;2;0;-0.6228267094568124;;1.3341220272888805;0.20094319325384466;0.0;-0.7853708795510327
2024-06-19 22:00:00+02:00;Wednesday;183;;;;22;19;6;2;0;-0.6823055136335543;;1.4764964443167328;0.20094319325384466;0.0;-0.7853708795510327
2024-06-19 23:00:00+02:00;Wednesday;99;;;;23;19;6;2;0;-0.7343494672882035;;1.6188708613445852;0.20094319325384466;0.0;-0.7853708795510327
2024-06-20 00:00:00+02:00;Thursday;42;;;;0;20;6;3;0;-0.769665007268144;;-1.655740730296021;0.5305950985264926;0.0;-0.2746763438844285
2024-06-20 01:00:00+02:00;Thursday;22;;;;1;20;6;3;0;-0.7820564248049653;;-1.5133663132681685;0.5305950985264926;0.0;-0.2746763438844285
2024-06-20 02:00:00+02:00;Thursday;10;;;;2;20;6;3;0;-0.789491275327058;;-1.3709918962403163;0.5305950985264926;0.0;-0.2746763438844285
2024-06-20 03:00:00+02:00;Thursday;14;;;;3;20;6;3;0;-0.7870129918196938;;-1.2286174792124638;0.5305950985264926;0.0;-0.2746763438844285
2024-06-20 04:00:00+02:00;Thursday;10;;;;4;20;6;3;0;-0.789491275327058;;-1.0862430621846113;0.5305950985264926;0.0;-0.2746763438844285
2024-06-20 05:00:00+02:00;Thursday;34;;;;5;20;6;3;0;-0.7746215742828725;;-0.9438686451567588;0.5305950985264926;0.0;-0.2746763438844285
2024-06-20 06:00:00+02:00;Thursday;106;;;;6;20;6;3;0;-0.7300124711503161;;-0.8014942281289064;0.5305950985264926;0.0;-0.2746763438844285
2024-06-20 07:00:00+02:00;Thursday;258;;;;7;20;6;3;0;-0.6358376978704746;;-0.6591198111010539;0.5305950985264926;0.0;-0.2746763438844285
2024-06-20 08:00:00+02:00;Thursday;655;;;;8;20;6;3;0;-0.38986805976457306;;-0.5167453940732014;0.5305950985264926;0.0;-0.2746763438844285
2024-06-20 09:00:00+02:00;Thursday;902;;;;9;20;6;3;0;-0.23683405318483075;;-0.374370977045349;0.5305950985264926;0.0;-0.2746763438844285
2024-06-20 10:00:00+02:00;Thursday;1628;;;;10;20;6;3;0;0.21297440340178023;;-0.23199656001749655;0.5305950985264926;0.0;-0.2746763438844285
2024-06-20 11:00:00+02:00;Thursday;2451;;;;11;20;6;3;0;0.7228812350419742;;-0.08962214298964409;0.5305950985264926;0.0;-0.2746763438844285
2024-06-20 12:00:00+02:00;Thursday;2479;;;;12;20;6;3;0;0.740229219593524;;0.052752274038208355;0.5305950985264926;0.0;-0.2746763438844285
2024-06-20 13:00:00+02:00;Thursday;2475;;;;13;20;6;3;0;0.7377509360861597;;0.19512669106606081;0.5305950985264926;0.0;-0.2746763438844285
2024-06-20 14:00:00+02:00;Thursday;2258;;;;14;20;6;3;0;0.6033040558116493;;0.33750110809391326;0.5305950985264926;0.0;-0.2746763438844285
2024-06-20 15:00:00+02:00;Thursday;2338;;;;15;20;6;3;0;0.6528697259589342;;0.47987552512176573;0.5305950985264926;0.0;-0.2746763438844285
2024-06-20 16:00:00+02:00;Thursday;2497;;;;16;20;6;3;0;0.7513814953766631;;0.6222499421496182;0.5305950985264926;0.0;-0.2746763438844285
2024-06-20 17:00:00+02:00;Thursday;2183;;;;17;20;6;3;0;0.5568362400485696;;0.7646243591774706;0.5305950985264926;0.0;-0.2746763438844285
2024-06-20 18:00:00+02:00;Thursday;1877;;;;18;20;6;3;0;0.3672475517352046;;0.9069987762053231;0.5305950985264926;0.0;-0.2746763438844285
2024-06-20 19:00:00+02:00;Thursday;940;;;;19;20;6;3;0;-0.2132903598648704;;1.0493731932331756;0.5305950985264926;0.0;-0.2746763438844285
2024-06-20 20:00:00+02:00;Thursday;591;;;;20;20;6;3;0;-0.42952059588240105;;1.191747610261028;0.5305950985264926;0.0;-0.2746763438844285
2024-06-20 21:00:00+02:00;Thursday;447;;;;21;20;6;3;0;-0.518738802147514;;1.3341220272888805;0.5305950985264926;0.0;-0.2746763438844285
2024-06-20 22:00:00+02:00;Thursday;291;;;;22;20;6;3;0;-0.6153918589347196;;1.4764964443167328;0.5305950985264926;0.0;-0.2746763438844285
2024-06-20 23:00:00+02:00;Thursday;140;;;;23;20;6;3;0;-0.70894706133772;;1.6188708613445852;0.5305950985264926;0.0;-0.2746763438844285
2024-06-21 00:00:00+02:00;Friday;70;;;;0;21;6;4;0;-0.7523170227165943;;-1.655740730296021;0.8602470037991404;0.0;0.23601819178217565
2024-06-21 01:00:00+02:00;Friday;56;;;;1;21;6;4;0;-0.7609910149923692;;-1.5133663132681685;0.8602470037991404;0.0;0.23601819178217565
2024-06-21 02:00:00+02:00;Friday;36;;;;2;21;6;4;0;-0.7733824325291904;;-1.3709918962403163;0.8602470037991404;0.0;0.23601819178217565
2024-06-21 03:00:00+02:00;Friday;22;;;;3;21;6;4;0;-0.7820564248049653;;-1.2286174792124638;0.8602470037991404;0.0;0.23601819178217565
2024-06-21 04:00:00+02:00;Friday;10;;;;4;21;6;4;0;-0.789491275327058;;-1.0862430621846113;0.8602470037991404;0.0;0.23601819178217565
2024-06-21 05:00:00+02:00;Friday;39;;;;5;21;6;4;0;-0.7715237198986672;;-0.9438686451567588;0.8602470037991404;0.0;0.23601819178217565
2024-06-21 06:00:00+02:00;Friday;80;;;;6;21;6;4;0;-0.7461213139481837;;-0.8014942281289064;0.8602470037991404;0.0;0.23601819178217565
2024-06-21 07:00:00+02:00;Friday;230;;;;7;21;6;4;0;-0.6531856824220243;;-0.6591198111010539;0.8602470037991404;0.0;0.23601819178217565
2024-06-21 08:00:00+02:00;Friday;446;;;;8;21;6;4;0;-0.5193583730243551;;-0.5167453940732014;0.8602470037991404;0.0;0.23601819178217565
2024-06-21 09:00:00+02:00;Friday;948;;;;9;21;6;4;0;-0.20833379285014192;;-0.374370977045349;0.8602470037991404;0.0;0.23601819178217565
2024-06-21 10:00:00+02:00;Friday;1670;;;;10;21;6;4;0;0.23899638022910483;;-0.23199656001749655;0.8602470037991404;0.0;0.23601819178217565
2024-06-21 11:00:00+02:00;Friday;2340;;;;11;21;6;4;0;0.6541088677126163;;-0.08962214298964409;0.8602470037991404;0.0;0.23601819178217565
2024-06-21 12:00:00+02:00;Friday;2964;;;;12;21;6;4;0;1.040721094861439;;0.052752274038208355;0.8602470037991404;0.0;0.23601819178217565
2024-06-21 13:00:00+02:00;Friday;2675;;;;13;21;6;4;0;0.8616651114543721;;0.19512669106606081;0.8602470037991404;0.0;0.23601819178217565
2024-06-21 14:00:00+02:00;Friday;2992;;;;14;21;6;4;0;1.0580690794129888;;0.33750110809391326;0.8602470037991404;0.0;0.23601819178217565
2024-06-21 15:00:00+02:00;Friday;3105;;;;15;21;6;4;0;1.1280805884960288;;0.47987552512176573;0.8602470037991404;0.0;0.23601819178217565
2024-06-21 16:00:00+02:00;Friday;3613;;;;16;21;6;4;0;1.442822593931288;;0.6222499421496182;0.8602470037991404;0.0;0.23601819178217565
2024-06-21 17:00:00+02:00;Friday;4012;;;;17;21;6;4;0;1.6900313737908719;;0.7646243591774706;0.8602470037991404;0.0;0.23601819178217565
2024-06-21 18:00:00+02:00;Friday;4131;;;;18;21;6;4;0;1.7637603081349582;;0.9069987762053231;0.8602470037991404;0.0;0.23601819178217565
2024-06-21 19:00:00+02:00;Friday;3740;;;;19;21;6;4;0;1.521508095290103;;1.0493731932331756;0.8602470037991404;0.0;0.23601819178217565
2024-06-21 20:00:00+02:00;Friday;2867;;;;20;21;6;4;0;0.980622719807856;;1.191747610261028;0.8602470037991404;0.0;0.23601819178217565
2024-06-21 21:00:00+02:00;Friday;2204;;;;21;21;6;4;0;0.5698472284622319;;1.3341220272888805;0.8602470037991404;0.0;0.23601819178217565
2024-06-21 22:00:00+02:00;Friday;1985;;;;22;21;6;4;0;0.4341612064340393;;1.4764964443167328;0.8602470037991404;0.0;0.23601819178217565
2024-06-21 23:00:00+02:00;Friday;1706;;;;23;21;6;4;0;0.26130093179538305;;1.6188708613445852;0.8602470037991404;0.0;0.23601819178217565
2024-06-22 00:00:00+02:00;Saturday;1704;;;;0;22;6;5;0;0.26006179004170094;;-1.655740730296021;1.1898989090717884;0.0;0.7467127274487798
2024-06-22 01:00:00+02:00;Saturday;605;;;;1;22;6;5;0;-0.4208466036066262;;-1.5133663132681685;1.1898989090717884;0.0;0.7467127274487798
2024-06-22 02:00:00+02:00;Saturday;254;;;;2;22;6;5;0;-0.638315981377839;;-1.3709918962403163;1.1898989090717884;0.0;0.7467127274487798
2024-06-22 03:00:00+02:00;Saturday;120;;;;3;22;6;5;0;-0.7213384788745412;;-1.2286174792124638;1.1898989090717884;0.0;0.7467127274487798
2024-06-22 04:00:00+02:00;Saturday;70;;;;4;22;6;5;0;-0.7523170227165943;;-1.0862430621846113;1.1898989090717884;0.0;0.7467127274487798
2024-06-22 05:00:00+02:00;Saturday;89;;;;5;22;6;5;0;-0.7405451760566141;;-0.9438686451567588;1.1898989090717884;0.0;0.7467127274487798
2024-06-22 06:00:00+02:00;Saturday;29;;;;6;22;6;5;0;-0.7777194286670779;;-0.8014942281289064;1.1898989090717884;0.0;0.7467127274487798
2024-06-22 07:00:00+02:00;Saturday;56;;;;7;22;6;5;0;-0.7609910149923692;;-0.6591198111010539;1.1898989090717884;0.0;0.7467127274487798
2024-06-22 08:00:00+02:00;Saturday;218;;;;8;22;6;5;0;-0.6606205329441172;;-0.5167453940732014;1.1898989090717884;0.0;0.7467127274487798
2024-06-22 09:00:00+02:00;Saturday;687;;;;9;22;6;5;0;-0.3700417917056591;;-0.374370977045349;1.1898989090717884;0.0;0.7467127274487798
2024-06-22 10:00:00+02:00;Saturday;2113;;;;10;22;6;5;0;0.5134662786696953;;-0.23199656001749655;1.1898989090717884;0.0;0.7467127274487798
2024-06-22 11:00:00+02:00;Saturday;3779;;;;11;22;6;5;0;1.5456713594869043;;-0.08962214298964409;1.1898989090717884;0.0;0.7467127274487798
2024-06-22 12:00:00+02:00;Saturday;4895;;;;12;22;6;5;0;2.2371124580415294;;0.052752274038208355;1.1898989090717884;0.0;0.7467127274487798
2024-06-22 13:00:00+02:00;Saturday;5159;;;;13;22;6;5;0;2.40067916952757;;0.19512669106606081;1.1898989090717884;0.0;0.7467127274487798
2024-06-22 14:00:00+02:00;Saturday;6055;;;;14;22;6;5;0;2.9558146751771615;;0.33750110809391326;1.1898989090717884;0.0;0.7467127274487798
2024-06-22 15:00:00+02:00;Saturday;6908;;;;15;22;6;5;0;3.484308633122587;;0.47987552512176573;1.1898989090717884;0.0;0.7467127274487798
2024-06-22 16:00:00+02:00;Saturday;7374;;;;16;22;6;5;0;3.773028661730522;;0.6222499421496182;1.1898989090717884;0.0;0.7467127274487798
2024-06-22 17:00:00+02:00;Saturday;7886;;;;17;22;6;5;0;4.090248950673145;;0.7646243591774706;1.1898989090717884;0.0;0.7467127274487798
2024-06-22 18:00:00+02:00;Saturday;8236;;;;18;22;6;5;0;4.307098757567517;;0.9069987762053231;1.1898989090717884;0.0;0.7467127274487798
2024-06-22 19:00:00+02:00;Saturday;7394;;;;19;22;6;5;0;3.785420079267343;;1.0493731932331756;1.1898989090717884;0.0;0.7467127274487798
2024-06-22 20:00:00+02:00;Saturday;5982;;;;20;22;6;5;0;2.910586001167764;;1.191747610261028;1.1898989090717884;0.0;0.7467127274487798
2024-06-22 21:00:00+02:00;Saturday;4994;;;;21;22;6;5;0;2.2984499748487948;;1.3341220272888805;1.1898989090717884;0.0;0.7467127274487798
2024-06-22 22:00:00+02:00;Saturday;4086;;;;22;22;6;5;0;1.7358796186771104;;1.4764964443167328;1.1898989090717884;0.0;0.7467127274487798
2024-06-22 23:00:00+02:00;Saturday;3687;;;;23;22;6;5;0;1.4886708388175267;;1.6188708613445852;1.1898989090717884;0.0;0.7467127274487798
2024-06-23 00:00:00+02:00;Sunday;4060;;;;0;23;6;6;0;1.7197707758792427;;-1.655740730296021;1.5195508143444363;0.0;1.257407263115384
2024-06-23 01:00:00+02:00;Sunday;1651;;;;1;23;6;6;0;0.22722453356912464;;-1.5133663132681685;1.5195508143444363;0.0;1.257407263115384
2024-06-23 02:00:00+02:00;Sunday;719;;;;2;23;6;6;0;-0.3502155236467451;;-1.3709918962403163;1.5195508143444363;0.0;1.257407263115384
2024-06-23 03:00:00+02:00;Sunday;346;;;;3;23;6;6;0;-0.5813154607084612;;-1.2286174792124638;1.5195508143444363;0.0;1.257407263115384
2024-06-23 04:00:00+02:00;Sunday;185;;;;4;23;6;6;0;-0.6810663718798722;;-1.0862430621846113;1.5195508143444363;0.0;1.257407263115384
2024-06-23 05:00:00+02:00;Sunday;127;;;;5;23;6;6;0;-0.7170014827366538;;-0.9438686451567588;1.5195508143444363;0.0;1.257407263115384
2024-06-23 06:00:00+02:00;Sunday;48;;;;6;23;6;6;0;-0.7659475820070977;;-0.8014942281289064;1.5195508143444363;0.0;1.257407263115384
2024-06-23 07:00:00+02:00;Sunday;71;;;;7;23;6;6;0;-0.7516974518397532;;-0.6591198111010539;1.5195508143444363;0.0;1.257407263115384
2024-06-23 08:00:00+02:00;Sunday;131;;;;8;23;6;6;0;-0.7145231992292895;;-0.5167453940732014;1.5195508143444363;0.0;1.257407263115384
2024-06-23 09:00:00+02:00;Sunday;337;;;;9;23;6;6;0;-0.5868915986000308;;-0.374370977045349;1.5195508143444363;0.0;1.257407263115384
2024-06-23 10:00:00+02:00;Sunday;976;;;;10;23;6;6;0;-0.19098580829859219;;-0.23199656001749655;1.5195508143444363;0.0;1.257407263115384
2024-06-23 11:00:00+02:00;Sunday;2119;;;;11;23;6;6;0;0.5171837039307416;;-0.08962214298964409;1.5195508143444363;0.0;1.257407263115384
2024-06-23 12:00:00+02:00;Sunday;2725;;;;12;23;6;6;0;0.8926436552964252;;0.052752274038208355;1.5195508143444363;0.0;1.257407263115384
2024-06-23 13:00:00+02:00;Sunday;3840;;;;13;23;6;6;0;1.583465182974209;;0.19512669106606081;1.5195508143444363;0.0;1.257407263115384
2024-06-23 14:00:00+02:00;Sunday;4484;;;;14;23;6;6;0;1.982468827659853;;0.33750110809391326;1.5195508143444363;0.0;1.257407263115384
2024-06-23 15:00:00+02:00;Sunday;4853;;;;15;23;6;6;0;2.211090481214205;;0.47987552512176573;1.5195508143444363;0.0;1.257407263115384
2024-06-23 16:00:00+02:00;Sunday;4801;;;;16;23;6;6;0;2.1788727956184695;;0.6222499421496182;1.5195508143444363;0.0;1.257407263115384
2024-06-23 17:00:00+02:00;Sunday;4913;;;;17;23;6;6;0;2.2482647338246684;;0.7646243591774706;1.5195508143444363;0.0;1.257407263115384
2024-06-23 18:00:00+02:00;Sunday;4701;;;;18;23;6;6;0;2.1169157079343632;;0.9069987762053231;1.5195508143444363;0.0;1.257407263115384
2024-06-23 19:00:00+02:00;Sunday;4269;;;;19;23;6;6;0;1.8492610891390246;;1.0493731932331756;1.5195508143444363;0.0;1.257407263115384
2024-06-23 20:00:00+02:00;Sunday;2775;;;;20;23;6;6;0;0.9236221991384783;;1.191747610261028;1.5195508143444363;0.0;1.257407263115384
2024-06-23 21:00:00+02:00;Sunday;1781;;;;21;23;6;6;0;0.3077687475584627;;1.3341220272888805;1.5195508143444363;0.0;1.257407263115384
2024-06-23 22:00:00+02:00;Sunday;1360;;;;22;23;6;6;0;0.04692940840837561;;1.4764964443167328;1.5195508143444363;0.0;1.257407263115384
2024-06-23 23:00:00+02:00;Sunday;203;;;;23;23;6;6;0;-0.669914096096733;;1.6188708613445852;1.5195508143444363;0.0;1.257407263115384
2024-06-24 00:00:00+02:00;Monday;0;;;;0;24;6;0;0;-0.7956869840954687;;-1.655740730296021;1.8492027196170842;0.0;-1.8067599508842411
2024-06-24 01:00:00+02:00;Monday;0;;;;1;24;6;0;0;-0.7956869840954687;;-1.5133663132681685;1.8492027196170842;0.0;-1.8067599508842411
2024-06-24 02:00:00+02:00;Monday;0;;;;2;24;6;0;0;-0.7956869840954687;;-1.3709918962403163;1.8492027196170842;0.0;-1.8067599508842411
